Residue_Number_1,Residue_Number_2,Nucleotide_1,Nucleotide_2,Atomic_Pair_Count,Interaction_Strength
1,3,DC,DT,3,0.8567751829469944
1,22,DC,DA,5,1.2954874116443185
1,23,DC,DC,30,8.503883440104316
1,24,DC,DG,67,16.071395220259422
2,4,DG,DG,6,1.2179031766974526
2,21,DG,DC,1,0.23987157045163318
2,22,DG,DA,60,13.155191597257778
2,23,DG,DC,67,16.071395220259422
2,24,DG,DG,108,21.922257180554148
3,5,DT,DA,12,3.1325211976898135
3,20,DT,DT,4,1.1509466536226045
3,21,DT,DC,23,6.568609735926957
3,22,DT,DA,60,15.66260598844907
3,23,DT,DC,30,8.567751829469943
3,24,DT,DG,2,0.4833462502279073
4,6,DG,DA,42,9.208634118080445
4,19,DG,DT,7,1.6917118757976755
4,20,DG,DT,46,11.116963755241867
4,21,DG,DC,69,16.55113836116269
4,22,DG,DA,100,21.925319328762964
4,23,DG,DC,7,1.6791009931614322
5,7,DA,DT,18,4.69878179653472
5,18,DA,DA,11,2.605091770278271
5,19,DA,DT,42,10.963824191914348
5,20,DA,DT,55,14.35738882274498
5,21,DA,DC,64,16.582238869047277
5,22,DA,DA,15,3.552397868561279
6,8,DA,DT,11,2.8714777645489957
6,17,DA,DA,9,2.1314387211367674
6,18,DA,DA,56,13.262285375962108
6,19,DA,DT,59,15.401562555308251
6,20,DA,DT,53,13.835301956463343
6,21,DA,DC,22,5.700144611235001
7,9,DT,DC,2,0.5711834552979962
7,16,DT,DG,5,1.2083656255697681
7,17,DT,DA,43,11.224867625055166
7,18,DT,DA,55,14.35738882274498
7,19,DT,DT,35,10.07078321919779
7,20,DT,DT,11,3.1651032974621622
7,21,DT,DC,6,1.7135503658939888
8,10,DT,DA,9,2.34939089826736
8,15,DT,DT,12,3.4528399608678138
8,16,DT,DG,44,10.63361750501396
8,17,DT,DA,71,18.534083752998065
8,18,DT,DA,67,17.48991002043479
8,19,DT,DT,20,5.754733268113022
8,20,DT,DT,4,1.1509466536226045
9,11,DC,DC,4,1.133851125347242
9,14,DC,DG,11,2.638587274967965
9,15,DC,DT,49,13.993994654800908
9,16,DC,DG,75,17.99036778387249
9,17,DC,DA,91,23.577870891926594
9,18,DC,DA,46,11.91848418712773
9,19,DC,DT,17,4.855059370032968
9,20,DC,DT,1,0.2855917276489981
10,12,DA,DG,6,1.3155191597257778
10,13,DA,DC,5,1.2954874116443185
10,14,DA,DG,79,17.32100226972274
10,15,DA,DT,69,18.011996886716428
10,16,DA,DG,72,15.786229916709333
10,17,DA,DA,31,7.34162226169331
10,18,DA,DA,1,0.23682652457075193
10,19,DA,DT,1,0.2610434331408178
11,13,DC,DC,41,11.62197403480923
11,14,DC,DG,68,16.311266790711056
11,15,DC,DT,26,7.425384918873951
11,16,DC,DG,20,4.797431409032663
11,17,DC,DA,3,0.7772924469865911
12,13,DG,DC,65,15.591652079356157
12,14,DG,DG,75,15.223789708718158
12,15,DG,DT,5,1.2083656255697681
13,15,DC,DT,9,2.570325548840983
14,16,DG,DG,20,4.059677255658175
15,17,DT,DA,15,3.9156514971122673
16,18,DG,DA,39,8.550874538217556
17,19,DA,DT,23,6.00399896223881
18,20,DA,DT,13,3.3935646308306318
19,21,DT,DC,9,2.570325548840983
20,22,DT,DA,3,0.7831302994224534
22,24,DA,DG,6,1.3155191597257778
