Atom,Atom Number,Atom Name,Residue Name,Chain ID,Residue Sequence Number,X,Y,Z,Occupancy,Temp Factor,Atom Type
ATOM,1,O5',DG,1,1,-9.792,20.175,16.605,1.0,40.8,O
ATOM,2,C5',DG,1,1,-10.004,18.764,16.607,1.0,32.2,C
ATOM,3,C4',DG,1,1,-9.31,18.144,15.441,1.0,26.15,C
ATOM,4,O4',DG,1,1,-9.883,18.625,14.231,1.0,27.69,O
ATOM,5,C3',DG,1,1,-7.911,18.643,15.413,1.0,25.04,C
ATOM,6,O3',DG,1,1,-7.147,17.842,16.268,1.0,24.41,O
ATOM,7,C2',DG,1,1,-7.595,18.459,13.954,1.0,21.41,C
ATOM,8,C1',DG,1,1,-8.848,18.92,13.266,1.0,22.28,C
ATOM,9,N9,DG,1,1,-8.857,20.366,13.008,1.0,21.48,N
ATOM,10,C8,DG,1,1,-9.564,21.344,13.663,1.0,23.3,C
ATOM,11,N7,DG,1,1,-9.471,22.522,13.151,1.0,22.71,N
ATOM,12,C5,DG,1,1,-8.662,22.321,12.051,1.0,20.95,C
ATOM,13,C6,DG,1,1,-8.24,23.26,11.086,1.0,21.64,C
ATOM,14,O6,DG,1,1,-8.511,24.456,11.041,1.0,24.7,O
ATOM,15,N1,DG,1,1,-7.454,22.672,10.116,1.0,21.41,N
ATOM,16,C2,DG,1,1,-7.108,21.344,10.099,1.0,18.47,C
ATOM,17,N2,DG,1,1,-6.301,20.962,9.109,1.0,17.94,N
ATOM,18,N3,DG,1,1,-7.513,20.454,11.012,1.0,19.76,N
ATOM,19,C4,DG,1,1,-8.272,21.014,11.961,1.0,19.56,C
ATOM,20,P,DC,1,2,-5.842,18.435,16.986,1.0,33.8,P
ATOM,21,OP1,DC,1,2,-5.32,17.614,18.103,1.0,37.95,O
ATOM,22,OP2,DC,1,2,-6.608,19.673,17.255,1.0,36.53,O
ATOM,23,O5',DC,1,2,-4.635,18.783,15.989,1.0,32.84,O
ATOM,24,C5',DC,1,2,-4.025,17.757,15.217,1.0,25.01,C
ATOM,25,C4',DC,1,2,-3.421,18.338,13.956,1.0,23.23,C
ATOM,26,O4',DC,1,2,-4.443,19.028,13.259,1.0,24.18,O
ATOM,27,C3',DC,1,2,-2.439,19.427,14.223,1.0,23.69,C
ATOM,28,O3',DC,1,2,-1.186,18.948,14.586,1.0,31.14,O
ATOM,29,C2',DC,1,2,-2.395,20.104,12.915,1.0,20.8,C
ATOM,30,C1',DC,1,2,-3.865,20.14,12.571,1.0,22.58,C
ATOM,31,N1,DC,1,2,-4.555,21.386,12.985,1.0,23.14,N
ATOM,32,C2,DC,1,2,-4.366,22.435,12.129,1.0,23.26,C
ATOM,33,O2,DC,1,2,-3.612,22.272,11.167,1.0,22.26,O
ATOM,34,N3,DC,1,2,-5.03,23.597,12.371,1.0,19.9,N
ATOM,35,C4,DC,1,2,-5.771,23.746,13.463,1.0,20.66,C
ATOM,36,N4,DC,1,2,-6.502,24.839,13.568,1.0,17.52,N
ATOM,37,C5,DC,1,2,-5.968,22.669,14.382,1.0,21.84,C
ATOM,38,C6,DC,1,2,-5.435,21.477,14.044,1.0,23.82,C
ATOM,39,P,DG,1,3,-0.23,19.863,15.496,1.0,34.22,P
ATOM,40,OP1,DG,1,3,0.729,18.801,15.863,1.0,38.19,O
ATOM,41,OP2,DG,1,3,-0.965,20.618,16.538,1.0,33.09,O
ATOM,42,O5',DG,1,3,0.506,20.9,14.5,1.0,27.77,O
ATOM,43,C5',DG,1,3,1.344,20.416,13.474,1.0,22.9,C
ATOM,44,C4',DG,1,3,1.594,21.544,12.55,1.0,23.41,C
ATOM,45,O4',DG,1,3,0.328,22.063,12.189,1.0,27.45,O
ATOM,46,C3',DG,1,3,2.179,22.694,13.283,1.0,25.09,C
ATOM,47,O3',DG,1,3,3.569,22.6,13.396,1.0,28.96,O
ATOM,48,C2',DG,1,3,1.836,23.816,12.362,1.0,26.32,C
ATOM,49,C1',DG,1,3,0.454,23.479,11.913,1.0,25.75,C
ATOM,50,N9,DG,1,3,-0.475,24.19,12.788,1.0,21.2,N
ATOM,51,C8,DG,1,3,-1.287,23.64,13.746,1.0,18.65,C
ATOM,52,N7,DG,1,3,-2.157,24.476,14.225,1.0,19.41,N
ATOM,53,C5,DG,1,3,-2.009,25.598,13.433,1.0,16.09,C
ATOM,54,C6,DG,1,3,-2.749,26.762,13.429,1.0,11.3,C
ATOM,55,O6,DG,1,3,-3.716,27.039,14.106,1.0,18.82,O
ATOM,56,N1,DG,1,3,-2.265,27.663,12.55,1.0,17.41,N
ATOM,57,C2,DG,1,3,-1.202,27.449,11.718,1.0,17.9,C
ATOM,58,N2,DG,1,3,-0.851,28.487,10.981,1.0,21.3,N
ATOM,59,N3,DG,1,3,-0.537,26.303,11.626,1.0,20.69,N
ATOM,60,C4,DG,1,3,-0.966,25.441,12.563,1.0,20.92,C
ATOM,61,P,DG,1,4,4.301,23.38,14.573,1.0,34.6,P
ATOM,62,OP1,DG,1,4,5.59,22.662,14.484,1.0,42.8,O
ATOM,63,OP2,DG,1,4,3.497,23.355,15.822,1.0,37.77,O
ATOM,64,O5',DG,1,4,4.531,24.908,14.144,1.0,33.45,O
ATOM,65,C5',DG,1,4,5.304,25.224,13.01,1.0,27.01,C
ATOM,66,C4',DG,1,4,4.918,26.604,12.571,1.0,30.32,C
ATOM,67,O4',DG,1,4,3.503,26.657,12.36,1.0,31.83,O
ATOM,68,C3',DG,1,4,5.18,27.628,13.641,1.0,31.17,C
ATOM,69,O3',DG,1,4,6.53,28.029,13.638,1.0,35.44,O
ATOM,70,C2',DG,1,4,4.346,28.699,13.018,1.0,35.26,C
ATOM,71,C1',DG,1,4,3.043,27.995,12.647,1.0,32.37,C
ATOM,72,N9,DG,1,4,2.045,28.045,13.762,1.0,26.23,N
ATOM,73,C8,DG,1,4,1.642,27.021,14.584,1.0,25.81,C
ATOM,74,N7,DG,1,4,0.583,27.301,15.284,1.0,26.06,N
ATOM,75,C5,DG,1,4,0.222,28.567,14.847,1.0,20.58,C
ATOM,76,C6,DG,1,4,-0.88,29.368,15.22,1.0,21.27,C
ATOM,77,O6,DG,1,4,-1.798,29.066,15.974,1.0,19.85,O
ATOM,78,N1,DG,1,4,-0.848,30.617,14.63,1.0,19.53,N
ATOM,79,C2,DG,1,4,0.13,31.046,13.797,1.0,17.4,C
ATOM,80,N2,DG,1,4,0.03,32.298,13.402,1.0,18.28,N
ATOM,81,N3,DG,1,4,1.157,30.283,13.407,1.0,23.92,N
ATOM,82,C4,DG,1,4,1.14,29.057,13.972,1.0,22.61,C
ATOM,83,P,DG,1,5,7.146,28.771,14.901,1.0,37.48,P
ATOM,84,OP1,DG,1,5,8.427,28.623,14.178,1.0,42.01,O
ATOM,85,OP2,DG,1,5,6.955,28.187,16.244,1.0,38.64,O
ATOM,86,O5',DG,1,5,6.801,30.316,14.971,1.0,41.44,O
ATOM,87,C5',DG,1,5,7.392,31.236,14.061,1.0,33.16,C
ATOM,88,C4',DG,1,5,6.65,32.56,14.165,1.0,30.68,C
ATOM,89,O4',DG,1,5,5.279,32.332,13.807,1.0,31.19,O
ATOM,90,C3',DG,1,5,6.615,33.093,15.606,1.0,28.76,C
ATOM,91,O3',DG,1,5,7.744,33.883,15.916,1.0,24.89,O
ATOM,92,C2',DG,1,5,5.39,33.943,15.524,1.0,27.41,C
ATOM,93,C1',DG,1,5,4.455,33.093,14.696,1.0,27.75,C
ATOM,94,N9,DG,1,5,3.681,32.242,15.604,1.0,24.2,N
ATOM,95,C8,DG,1,5,3.737,30.905,15.86,1.0,21.74,C
ATOM,96,N7,DG,1,5,2.763,30.487,16.607,1.0,25.6,N
ATOM,97,C5,DG,1,5,1.947,31.607,16.754,1.0,20.65,C
ATOM,98,C6,DG,1,5,0.741,31.777,17.471,1.0,21.5,C
ATOM,99,O6,DG,1,5,0.123,30.947,18.135,1.0,23.47,O
ATOM,100,N1,DG,1,5,0.312,33.09,17.424,1.0,19.38,N
ATOM,101,C2,DG,1,5,0.948,34.124,16.761,1.0,19.64,C
ATOM,102,N2,DG,1,5,0.416,35.347,16.857,1.0,16.68,N
ATOM,103,N3,DG,1,5,2.082,33.953,16.091,1.0,19.72,N
ATOM,104,C4,DG,1,5,2.528,32.684,16.166,1.0,22.61,C
ATOM,105,P,DC,1,6,8.199,34.035,17.401,1.0,26.72,P
ATOM,106,OP1,DC,1,6,9.374,34.791,16.933,1.0,32.23,O
ATOM,107,OP2,DC,1,6,8.367,32.838,18.234,1.0,27.74,O
ATOM,108,O5',DC,1,6,7.217,35.043,18.161,1.0,26.42,O
ATOM,109,C5',DC,1,6,7.2,36.415,17.836,1.0,20.76,C
ATOM,110,C4',DC,1,6,6.002,37.038,18.456,1.0,18.08,C
ATOM,111,O4',DC,1,6,4.832,36.332,18.0,1.0,20.64,O
ATOM,112,C3',DC,1,6,5.993,36.837,19.907,1.0,18.36,C
ATOM,113,O3',DC,1,6,6.908,37.674,20.537,1.0,20.88,O
ATOM,114,C2',DC,1,6,4.54,37.114,20.141,1.0,15.33,C
ATOM,115,C1',DC,1,6,3.872,36.281,19.056,1.0,19.91,C
ATOM,116,N1,DC,1,6,3.608,34.855,19.409,1.0,21.87,N
ATOM,117,C2,DC,1,6,2.449,34.616,20.111,1.0,18.29,C
ATOM,118,O2,DC,1,6,1.786,35.541,20.564,1.0,23.46,O
ATOM,119,N3,DC,1,6,2.071,33.349,20.3,1.0,20.36,N
ATOM,120,C4,DC,1,6,2.903,32.351,20.036,1.0,20.81,C
ATOM,121,N4,DC,1,6,2.524,31.121,20.37,1.0,20.13,N
ATOM,122,C5,DC,1,6,4.156,32.563,19.399,1.0,17.34,C
ATOM,123,C6,DC,1,6,4.405,33.816,19.002,1.0,18.93,C
ATOM,124,P,DC,1,7,7.449,37.319,21.993,1.0,30.24,P
ATOM,125,OP1,DC,1,7,8.254,38.554,22.162,1.0,29.97,O
ATOM,126,OP2,DC,1,7,8.117,35.999,21.867,1.0,31.9,O
ATOM,127,O5',DC,1,7,6.387,37.234,23.201,1.0,28.0,O
ATOM,128,C5',DC,1,7,5.574,38.366,23.497,1.0,29.85,C
ATOM,129,C4',DC,1,7,4.292,38.002,24.233,1.0,24.59,C
ATOM,130,O4',DC,1,7,3.482,37.116,23.459,1.0,21.11,O
ATOM,131,C3',DC,1,7,4.627,37.269,25.515,1.0,25.57,C
ATOM,132,O3',DC,1,7,5.086,38.187,26.507,1.0,29.99,O
ATOM,133,C2',DC,1,7,3.282,36.645,25.753,1.0,22.98,C
ATOM,134,C1',DC,1,7,2.899,36.156,24.353,1.0,20.38,C
ATOM,135,N1,DC,1,7,3.33,34.77,24.046,1.0,14.89,N
ATOM,136,C2,DC,1,7,2.504,33.799,24.506,1.0,17.34,C
ATOM,137,O2,DC,1,7,1.578,34.088,25.25,1.0,19.09,O
ATOM,138,N3,DC,1,7,2.722,32.532,24.142,1.0,16.61,N
ATOM,139,C4,DC,1,7,3.752,32.209,23.382,1.0,16.75,C
ATOM,140,N4,DC,1,7,3.855,30.952,22.982,1.0,19.34,N
ATOM,141,C5,DC,1,7,4.699,33.181,22.963,1.0,17.62,C
ATOM,142,C6,DC,1,7,4.413,34.459,23.277,1.0,16.23,C
ATOM,143,P,DC,1,8,6.074,37.701,27.657,1.0,31.61,P
ATOM,144,OP1,DC,1,8,6.488,38.871,28.442,1.0,32.57,O
ATOM,145,OP2,DC,1,8,7.053,36.7,27.186,1.0,32.16,O
ATOM,146,O5',DC,1,8,4.957,36.95,28.472,1.0,22.93,O
ATOM,147,C5',DC,1,8,5.294,35.929,29.364,1.0,20.9,C
ATOM,148,C4',DC,1,8,4.003,35.24,29.633,1.0,21.44,C
ATOM,149,O4',DC,1,8,3.56,34.676,28.39,1.0,22.76,O
ATOM,150,C3',DC,1,8,4.176,34.056,30.53,1.0,24.98,C
ATOM,151,O3',DC,1,8,4.092,34.394,31.901,1.0,27.72,O
ATOM,152,C2',DC,1,8,2.994,33.272,30.134,1.0,20.52,C
ATOM,153,C1',DC,1,8,2.927,33.431,28.645,1.0,20.06,C
ATOM,154,N1,DC,1,8,3.643,32.348,27.964,1.0,20.1,N
ATOM,155,C2,DC,1,8,2.959,31.148,27.862,1.0,21.12,C
ATOM,156,O2,DC,1,8,1.875,30.992,28.414,1.0,20.78,O
ATOM,157,N3,DC,1,8,3.491,30.165,27.116,1.0,20.81,N
ATOM,158,C4,DC,1,8,4.626,30.359,26.454,1.0,18.2,C
ATOM,159,N4,DC,1,8,5.133,29.333,25.793,1.0,23.92,N
ATOM,160,C5,DC,1,8,5.307,31.62,26.452,1.0,22.56,C
ATOM,161,C6,DC,1,8,4.777,32.587,27.227,1.0,21.56,C
ATOM,162,P,DG,1,9,5.059,33.657,32.917,1.0,28.68,P
ATOM,163,OP1,DG,1,9,4.805,34.446,34.129,1.0,34.58,O
ATOM,164,OP2,DG,1,9,6.437,33.452,32.414,1.0,31.72,O
ATOM,165,O5',DG,1,9,4.342,32.241,33.041,1.0,26.68,O
ATOM,166,C5',DG,1,9,3.108,32.14,33.713,1.0,27.93,C
ATOM,167,C4',DG,1,9,2.522,30.751,33.582,1.0,30.66,C
ATOM,168,O4',DG,1,9,2.377,30.399,32.217,1.0,30.43,O
ATOM,169,C3',DG,1,9,3.403,29.667,34.156,1.0,29.94,C
ATOM,170,O3',DG,1,9,3.235,29.599,35.555,1.0,33.09,O
ATOM,171,C2',DG,1,9,2.786,28.47,33.491,1.0,28.39,C
ATOM,172,C1',DG,1,9,2.598,28.993,32.091,1.0,27.13,C
ATOM,173,N9,DG,1,9,3.802,28.741,31.289,1.0,21.53,N
ATOM,174,C8,DG,1,9,4.715,29.615,30.756,1.0,15.03,C
ATOM,175,N7,DG,1,9,5.357,29.107,29.746,1.0,17.54,N
ATOM,176,C5,DG,1,9,4.806,27.839,29.565,1.0,16.95,C
ATOM,177,C6,DG,1,9,5.154,26.785,28.684,1.0,18.75,C
ATOM,178,O6,DG,1,9,6.022,26.759,27.824,1.0,22.3,O
ATOM,179,N1,DG,1,9,4.376,25.666,28.874,1.0,17.62,N
ATOM,180,C2,DG,1,9,3.416,25.538,29.847,1.0,16.49,C
ATOM,181,N2,DG,1,9,2.713,24.407,29.891,1.0,17.06,N
ATOM,182,N3,DG,1,9,3.166,26.488,30.741,1.0,19.05,N
ATOM,183,C4,DG,1,9,3.889,27.603,30.533,1.0,18.79,C
ATOM,184,P,DC,1,10,4.445,29.107,36.477,1.0,36.61,P
ATOM,185,OP1,DC,1,10,3.715,29.491,37.707,1.0,40.08,O
ATOM,186,OP2,DC,1,10,5.812,29.634,36.209,1.0,39.59,O
ATOM,187,O5',DC,1,10,4.467,27.497,36.367,1.0,31.28,O
ATOM,188,C5',DC,1,10,3.364,26.741,36.834,1.0,25.12,C
ATOM,189,C4',DC,1,10,3.499,25.361,36.299,1.0,25.32,C
ATOM,190,O4',DC,1,10,3.512,25.458,34.873,1.0,26.96,O
ATOM,191,C3',DC,1,10,4.882,24.819,36.619,1.0,24.45,C
ATOM,192,O3',DC,1,10,5.09,24.453,37.985,1.0,30.68,O
ATOM,193,C2',DC,1,10,4.934,23.722,35.609,1.0,22.95,C
ATOM,194,C1',DC,1,10,4.326,24.394,34.368,1.0,22.85,C
ATOM,195,N1,DC,1,10,5.316,24.958,33.431,1.0,19.54,N
ATOM,196,C2,DC,1,10,5.703,24.123,32.422,1.0,20.19,C
ATOM,197,O2,DC,1,10,5.289,22.972,32.433,1.0,22.69,O
ATOM,198,N3,DC,1,10,6.526,24.594,31.454,1.0,18.28,N
ATOM,199,C4,DC,1,10,7.004,25.844,31.526,1.0,20.35,C
ATOM,200,N4,DC,1,10,7.786,26.31,30.548,1.0,16.97,N
ATOM,201,C5,DC,1,10,6.675,26.705,32.615,1.0,18.52,C
ATOM,202,C6,DC,1,10,5.772,26.242,33.496,1.0,22.14,C
